n,M,c,limit_p1_squared,spectral_lower,srm,q_l1,lambda_max,helstrom_upper,rank,hypothesis_count,rank_threshold,gram_lambda_min,gram_lambda_max,weighted_gram_lambda_min,weighted_gram_lambda_max,prior_min,prior_max,solver,cvxpy_version,primal_status,dual_status,primal_objective,dual_objective,signed_gap,absolute_gap,relative_signed_gap,relative_gap,primal_equality_residual_fro_raw,primal_equality_residual_fro,primal_equality_residual_op,primal_psd_violation,dual_psd_violation,complementarity_residual,primal_feasible_objective,dual_feasible_objective,feasible_bound_gap,relative_feasible_bound_gap,primal_safety_contraction,primal_regularization_floor,dual_safety_shift,dual_feasible_min_slack,primal_feasible_equality_residual_fro,primal_feasible_equality_residual_op,primal_feasible_psd_violation,primal_feasible_min_eigenvalue,dual_feasible_psd_violation,primal_feasible_combined_violation,primal_iterations,dual_iterations,primal_solve_time_seconds,dual_solve_time_seconds,sdp_lower,sdp_upper,sdp_opt,sdp_status,sdp_lower_minus_srm,sdp_upper_minus_srm,sdp_minus_srm,sdp_minus_limit,product_srm,product_spectral_lower
3,6,0.3,0.9094942949273094,0.9534223416754768,0.9534937365687811,0.007091666091334603,1.8588896759075961,0.9630911975473802,6,6,1e-12,0.46904829171885887,1.8588896759075961,0.07817471528647647,0.30981494598459913,0.16666666666666666,0.16666666666666666,CLARABEL,1.9.2,optimal,optimal,0.9534962602567708,0.9534962594095354,-8.472353929533938e-10,8.472353929533938e-10,-8.885565981157039e-10,8.885565981157039e-10,6.066382166848021e-12,1.7586317453297994e-12,4.076864769120695e-12,0.0,2.8223033786840093e-10,8.466501253445859e-10,0.9534962602543058,0.9534962611049638,8.506579884937082e-10,8.921461190496696e-10,0.9999999999976108,3.410605131659006e-13,2.825713983815658e-10,3.410207848394952e-13,2.0551693925790358e-16,1.463761062037781e-16,0.0,4.501300067342504e-12,0.0,1.463761062037781e-16,10,9,0.0192490000044927,0.008924799971282482,0.9534962602543058,0.9534962611049638,0.9534962611049638,optimal,2.5236855246690837e-06,2.5245361826575774e-06,2.5245361826575774e-06,0.044001966177654395,0.9541204886813031,0.9540425457316479
4,10,0.3,0.9094942949273094,0.9439595202362936,0.9440469278490994,0.008344044823011362,2.163305560031947,0.956232091472265,10,10,1e-12,0.4012181229596972,2.163305560031947,0.04012181229596971,0.21633055600319456,0.1,0.1,CLARABEL,1.9.2,optimal,optimal,0.9440496213166416,0.9440496221832593,8.666176665172998e-10,8.666176665172998e-10,9.179789351653806e-10,9.179789351653806e-10,4.930007361803056e-16,1.1844494203213772e-16,2.6224563535620484e-16,1.7166083706748883e-10,7.638966243377839e-11,8.66617783735764e-10,0.9440496212965136,0.9440496229528402,1.6563266314051361e-09,1.75449106973573e-09,0.9999999999937448,5.684341887056581e-13,7.695809662238647e-11,5.684688034561789e-13,4.453427434988931e-16,2.6878226584374195e-16,0.0,5.68393030410912e-13,0.0,2.6878226584374195e-16,10,11,0.16382599994540215,0.06672070000786334,0.9440496212965136,0.9440496229528402,0.9440496229528402,optimal,2.6934474142148446e-06,2.6951037408462497e-06,2.6951037408462497e-06,0.03455532802553085,0.9451320183076574,0.9450325333301666
5,15,0.3,0.9094942949273094,0.9376779504127277,0.9377673939682062,0.00812579415576524,2.400588520547905,0.9502679199415045,15,15,1e-12,0.36557255960488294,2.400588520547905,0.024371503973658858,0.16003923470319364,0.06666666666666667,0.06666666666666667,CLARABEL,1.9.2,optimal,optimal,0.9377698824883297,0.9377698865447065,4.056376790018135e-09,4.056376790018135e-09,4.325556681860671e-09,4.325556681860671e-09,9.318465823892987e-16,1.9122712231605376e-16,4.873825709619975e-16,2.506015779826122e-10,4.934569937425639e-11,4.056376729520021e-09,0.9377698824083769,0.9377698872976816,4.889304738853184e-09,5.2137574663313635e-09,0.9999999999863549,8.526512834243703e-13,5.019835065716851e-11,8.525905913338533e-13,7.488674898882193e-16,3.3990080749731744e-16,0.0,8.526446203271854e-13,0.0,3.3990080749731744e-16,11,11,0.7448369000339881,0.4828027000185102,0.9377698824083769,0.9377698872976816,0.9377698872976816,optimal,2.488440170700379e-06,2.493329475439232e-06,2.493329475439232e-06,0.02827559237037225,0.9391607814157082,0.9390546493218893
6,21,0.3,0.9094942949273094,0.9332186102329252,0.9333044553384526,0.007503361619468088,2.586506872615366,0.9452859820922513,21,21,1e-12,0.34467301446627197,2.586506872615366,0.016413000688870097,0.12316699393406508,0.047619047619047616,0.047619047619047616,CLARABEL,1.9.2,optimal,optimal,0.9333066759096851,0.9333066746164247,-1.2932603876691928e-09,1.2932603876691928e-09,-1.3856757076174175e-09,1.3856757076174175e-09,1.4003473936949716e-12,2.508425268573181e-13,1.0383637409430185e-12,3.5118373347155833e-11,9.321625707763842e-11,1.2932289490279744e-09,0.933306675876797,0.933306676599034,7.222369369230819e-10,7.738473915501828e-10,0.9999999999737355,1.1937117961908258e-12,9.440996887371538e-11,1.1937366020721034e-12,9.656332700217941e-16,4.216709715696231e-16,0.0,1.1937016440607608e-12,0.0,4.216709715696231e-16,11,12,10.958887499989942,8.77159399993252,0.933306675876797,0.933306676599034,0.933306676599034,optimal,2.2205383444218185e-06,2.2212605813587416e-06,2.2212605813587416e-06,0.023812381671724614,0.9349046454435784,0.934798496226824
7,28,0.3,0.9094942949273094,0.9298974056712782,0.9299776374665688,0.007436701668603295,2.7338668846482843,0.9421935525395844,28,28,1e-12,0.33139481476002663,2.7338668846482843,0.011835529098572372,0.09763810302315298,0.03571428571428571,0.03571428571428571,CLARABEL,1.9.2,optimal,optimal,0.9299795918273153,0.9299795957023095,3.874994214392302e-09,3.874994214392302e-09,4.1667518732376306e-09,4.1667518732376306e-09,5.078468555834541e-13,8.071948564357232e-14,2.169213859292726e-13,2.2814772068709035e-10,4.181847392210518e-11,3.874996724758519e-09,0.9299795917669589,0.929979596917792,5.1508330933813795e-09,5.538651734636966e-09,0.9999999999538296,1.5916157287211093e-12,4.3410089650207804e-11,1.5916307468363676e-12,1.2201208833374774e-15,4.900096018509331e-16,0.0,1.5916196246504558e-12,0.0,4.900096018509331e-16,12,13,85.902585899923,83.01027489989065,0.9299795917669589,0.929979596917792,0.929979596917792,optimal,1.954300390072383e-06,1.9594512231657646e-06,1.9594512231657646e-06,0.020485301990482596,0.9317170600839889,0.9316137992878069
3,6,0.6,0.6320926689144148,0.7952358130629438,0.795926130396297,0.024385407762661293,3.201216967736247,0.8388660505728458,6,6,1e-12,0.15356629280456752,3.201216967736247,0.025594382134094568,0.5335361612893744,0.16666666666666666,0.16666666666666666,CLARABEL,1.9.2,optimal,optimal,0.7960465284800385,0.7960465301742956,1.6942570679745472e-09,1.6942570679745472e-09,2.128339243444179e-09,2.128339243444179e-09,5.357614205963405e-13,1.5531613674666793e-13,3.1403916571220673e-13,4.2824324876125346e-10,7.47645114487739e-11,1.6941819038256957e-09,0.7960465282775665,0.7960465306249291,2.34736263760027e-09,2.948775669204182e-09,0.999999999997611,3.4106051348724163e-13,7.510557196193875e-11,3.410614623047125e-13,2.8312711727933406e-16,2.267381519667127e-16,0.0,3.4103650624639253e-13,0.0,2.267381519667127e-16,9,10,0.04041679995134473,0.028028400032781065,0.7960465282775665,0.7960465306249291,0.7960465306249291,optimal,0.00012039788126949613,0.00012040022863213373,0.00012040022863213373,0.1639538617105143,0.8037828007610329,0.8028180831550643
4,10,0.6,0.6320926689144148,0.7548669920526657,0.7556634950548615,0.027418187592310073,4.363776130304457,0.8121426352155637,10,10,1e-12,0.1086145623856755,4.363776130304457,0.010861456238567562,0.4363776130304457,0.1,0.1,CLARABEL,1.9.2,optimal,optimal,0.7557846157470582,0.7557846161152375,3.68179264853552e-10,3.68179264853552e-10,4.871483979598405e-10,4.871483979598405e-10,5.9448172465875685e-16,1.4282606140088882e-16,3.314870818029404e-16,1.3492395663673333e-10,9.942307328987544e-11,3.711004558969675e-10,0.7557846156602752,0.7557846171151524,1.4548772186984138e-09,1.924989192889405e-09,0.9999999999937443,5.68434188884885e-13,9.999150747848352e-11,5.68423563426783e-13,4.863977942311576e-16,2.9538987173707854e-16,0.0,5.684121270220266e-13,0.0,2.9538987173707854e-16,11,11,0.49370260001160204,0.19843330001458526,0.7557846156602752,0.7557846171151524,0.7557846171151524,optimal,0.00012112060541369374,0.00012112206029091244,0.00012112206029091244,0.12369194820073759,0.7681810734466435,0.7669085354060367
5,15,0.6,0.6320926689144148,0.7290631073841807,0.7298537162813579,0.025498471798539105,5.482796404989575,0.7887687273496221,15,15,1e-12,0.0906105493055555,5.482796404989575,0.006040703287037043,0.36551976033263794,0.06666666666666667,0.06666666666666667,CLARABEL,1.9.2,optimal,optimal,0.7299592741797207,0.7299592739746708,-2.0504997699788419e-10,2.0504997699788419e-10,-2.8090605089866897e-10,2.8090605089866897e-10,9.40599375606087e-13,1.9302331011209877e-13,5.531389481476623e-13,6.818550199229368e-11,7.716400949378182e-11,2.0570128102020004e-10,0.729959274109919,0.7299592751449208,1.035001750970821e-09,1.417889719257418e-09,0.9999999999863547,8.526512831804358e-13,7.801666077669394e-11,8.526478427893635e-13,7.110676281976306e-16,3.2903217583356486e-16,0.0,8.526308041368109e-13,0.0,3.2903217583356486e-16,11,13,2.1592642999021336,1.1604047000873834,0.729959274109919,0.7299592751449208,0.7299592751449208,optimal,0.00010555782856114249,0.00010555886356289346,0.00010555886356289346,0.09786660623050591,0.7448675495249908,0.7434765484651669
6,21,0.6,0.6320926689144148,0.7113676550236523,0.7121125082517142,0.0245359925506922,6.532956470036648,0.7740807902899302,21,21,1e-12,0.08157298830219147,6.532956470036648,0.0038844280143900643,0.31109316523984054,0.047619047619047616,0.047619047619047616,CLARABEL,1.9.2,optimal,optimal,0.7122012452143299,0.7122012443557325,-8.585974153874076e-10,8.585974153874076e-10,-1.2055544997630047e-09,1.2055544997630047e-09,1.0684908901273285e-12,1.913974746625949e-13,8.255086942530328e-13,3.36984184662274e-11,7.242801505014728e-11,8.585347230152936e-10,0.7122012451753678,0.7122012459017888,7.264210344359867e-10,1.0199659702738307e-09,0.9999999999737332,1.1937117963140115e-12,7.362172684622425e-11,1.1937047825449034e-12,9.030331805357346e-16,3.516594725731855e-16,0.0,1.1936956536914007e-12,0.0,3.516594725731855e-16,14,14,14.143026700010523,9.503340999945067,0.7122012451753678,0.7122012459017888,0.7122012459017888,optimal,8.87369236535207e-05,8.873765007455514e-05,8.873765007455514e-05,0.08010857698737395,0.7283956505024092,0.7269799098518348
7,28,0.6,0.6320926689144148,0.6985879279383108,0.6992765629026584,0.02597892232163425,7.504699084037233,0.7697564214587407,28,28,1e-12,0.07635731017450559,7.504699084037233,0.002727046791946615,0.26802496728704406,0.03571428571428571,0.03571428571428571,CLARABEL,1.9.2,optimal,optimal,0.6993508980236821,0.6993509048054016,6.7817195192887425e-09,6.7817195192887425e-09,9.697162762744283e-09,9.697162762744283e-09,1.402965009557866e-15,2.229936302693731e-16,5.249382740840796e-16,2.237708101393727e-10,1.0167802188475613e-11,6.781719681577907e-09,0.6993508978457872,0.6993509051346654,7.2888781676994086e-09,1.0422347568534983e-08,0.9999999999538323,1.5916157306933803e-12,1.1759417916578238e-11,1.5915959542653232e-12,1.2132851983666932e-15,5.020915232451015e-16,0.0,1.5916068230882807e-12,0.0,5.020915232451015e-16,13,14,92.25569849996828,51.36705980007537,0.6993508978457872,0.6993509051346654,0.6993509051346654,optimal,7.433494312880651e-05,7.434223200697421e-05,7.434223200697421e-05,0.06725823622025051,0.7161320395043967,0.7147370106806469
3,6,0.8,0.3374121536925639,0.5986153303337287,0.5997849240084755,0.03682831004108053,4.439842899596878,0.6762160220047869,6,6,1e-12,0.03907157723120538,4.439842899596878,0.006511929538534181,0.7399738165994798,0.16666666666666666,0.16666666666666666,CLARABEL,1.9.2,optimal,optimal,0.6003201848906705,0.600320186853567,1.9628965119977693e-09,1.9628965119977693e-09,3.2697493074402613e-09,3.2697493074402613e-09,4.771893560273849e-16,1.3833621538540092e-16,2.9636581938466984e-16,3.0179982777951336e-10,8.789174989978547e-11,1.9628963395507286e-09,0.6003201847908954,0.6003201873829638,2.5920683377478326e-09,4.317809725246332e-09,0.999999999997611,3.4106051336333256e-13,8.823281041295032e-11,3.410456952745702e-13,1.734322979398049e-16,1.2276473823289752e-16,0.0,3.410317588505747e-13,0.0,1.2276473823289752e-16,10,11,0.04298880009446293,0.030228000017814338,0.6003201847908954,0.6003201873829638,0.6003201873829638,optimal,0.000535260782419944,0.0005352633744882818,0.0005352633744882818,0.2629080336903999,0.6174661985621849,0.6153658353857364
4,10,0.8,0.3374121536925639,0.52836271206589,0.5296174233183633,0.039991297950750015,6.709090091199453,0.6319478173049046,10,10,1e-12,0.02382518414853894,6.709090091199453,0.0023825184148539027,0.6709090091199456,0.1,0.1,CLARABEL,1.9.2,optimal,optimal,0.5301143944047833,0.530114394366447,-3.833622308491158e-11,3.833622308491158e-11,-7.23168876207219e-11,7.23168876207219e-11,2.169492979309767e-15,5.212273558948499e-16,1.1541413566205808e-15,7.017768269141988e-11,7.807169940521359e-11,1.8201585262041438e-10,0.5301143943683746,0.5301143951528484,7.844738192375189e-10,1.4798198784844747e-09,0.9999999999937441,5.684341887339435e-13,7.864013359382167e-11,5.684416518405816e-13,4.627227532132615e-16,3.0218917128262417e-16,0.0,5.684228670262807e-13,0.0,3.0218917128262417e-16,11,12,0.4946644000010565,0.17372189997695386,0.5301143943683746,0.5301143951528484,0.5301143951528484,optimal,0.0004969710500113411,0.0004969718344851604,0.0004969718344851604,0.19270224146028453,0.556072303731125,0.5532178569000029
5,15,0.8,0.3374121536925639,0.48527288930006834,0.4865196925791108,0.03805622884912707,9.206325380037992,0.6007428213101078,15,15,1e-12,0.018910955607415465,9.206325380037992,0.001260730373827692,0.6137550253358659,0.06666666666666667,0.06666666666666667,CLARABEL,1.9.2,optimal,optimal,0.48694609366779806,0.4869460962128531,2.5450550555916607e-09,2.5450550555916607e-09,5.226564258418691e-09,5.226564258418691e-09,6.942015703916954e-16,1.4245925361759834e-16,3.288332326726599e-16,2.0161802667601479e-10,3.526867747297656e-11,2.54505518004797e-09,0.48694609355829765,0.48694609675467304,3.196375386593786e-09,6.564125718200074e-09,0.999999999986354,8.526512835538563e-13,3.612132875588868e-11,8.526478317771308e-13,6.479038331642483e-16,2.8106066293230194e-16,0.0,8.526389978169512e-13,0.0,2.8106066293230194e-16,12,14,2.280308000044897,1.3934214999899268,0.48694609355829765,0.48694609675467304,0.48694609675467304,optimal,0.00042640097918683617,0.00042640417556222276,0.00042640417556222276,0.14953394306210915,0.5169386642069801,0.5137447832264187
6,21,0.8,0.3374121536925639,0.45654860241797485,0.4577648184481883,0.038490021038264086,11.855440503725848,0.5890764047207298,21,21,1e-12,0.01666034617763793,11.855440503725848,0.0007933498179827558,0.5645447858917069,0.047619047619047616,0.047619047619047616,CLARABEL,1.9.2,optimal,optimal,0.4581287223323294,0.4581287249127663,2.5804369196968935e-09,2.5804369196968935e-09,5.632558681963183e-09,5.632558681963183e-09,9.11023647908108e-16,1.6319055892627974e-16,3.5893385013089756e-16,1.2161916183137997e-10,1.596151586561747e-11,2.5804368844860693e-09,0.4581287222147477,0.45812872527302606,3.058278352785493e-09,6.675587437069757e-09,0.9999999999737352,1.193711797281938e-12,1.715522766169444e-11,1.1937149293399299e-12,8.882599958146158e-16,4.772531217103687e-16,0.0,1.1937053386469626e-12,0.0,4.772531217103687e-16,14,14,14.164131099940278,9.998836599988863,0.4581287222147477,0.45812872527302606,0.45812872527302606,optimal,0.0003639037665594258,0.0003639068248377786,0.0003639068248377786,0.12071657158046217,0.48975742179326137,0.48644443589700204
7,28,0.8,0.3374121536925639,0.4362309847797374,0.4374111656818704,0.041855706921175,14.597208041665333,0.5961461238846727,28,28,1e-12,0.015422509823483569,14.597208041665333,0.0005508039222672744,0.5213288586309047,0.03571428571428571,0.03571428571428571,CLARABEL,1.9.2,optimal,optimal,0.4377253454454839,0.43772535202400475,6.578520839184421e-09,6.578520839184421e-09,1.5028877944125908e-08,1.5028877944125908e-08,7.973413465236236e-13,1.2673305479030158e-13,5.246956427206901e-13,3.57289904149146e-10,6.601107033340477e-11,6.57851164931399e-09,0.4377253450626825,0.43772535391687994,8.854197430796518e-09,2.0227746556412812e-08,0.9999999999538309,1.591615734910986e-12,6.76026860615074e-11,1.5916237256137577e-12,1.201133806172566e-15,4.725335791560849e-16,0.0,1.5915986245118485e-12,0.0,4.725335791560849e-16,16,15,88.55829209997319,81.27041270001791,0.4377253450626825,0.43772535391687994,0.43772535391687994,optimal,0.0003141793808121296,0.0003141882350095604,0.0003141882350095604,0.10031320022431606,0.469756638217088,0.4664405098659452
3,6,0.9,0.16039300757163244,0.45383142786811953,0.4548752427256974,0.03995938886742137,5.177389872840252,0.5447545358336121,6,6,1e-12,0.00987876406084378,5.177389872840252,0.0016464606768073495,0.8628983121400415,0.16666666666666666,0.16666666666666666,CLARABEL,1.9.2,optimal,optimal,0.45581866822354766,0.45581867157992884,3.3563811729919735e-09,3.3563811729919735e-09,7.3634131171404525e-09,7.3634131171404525e-09,7.530139995529638e-15,2.1829721370483153e-15,6.45546302797802e-15,6.800947905831957e-10,4.482904129760088e-11,3.356382447488581e-09,0.45581866802688054,0.45581867185094943,3.82406889487541e-09,8.389452093719373e-09,0.9999999999976092,3.4106051356052376e-13,4.517010181076573e-11,3.410581950538796e-13,2.8786285705167973e-16,2.276066330702822e-16,0.0,3.410543345926294e-13,0.0,2.276066330702822e-16,10,10,0.042175999958999455,0.03237999998964369,0.45581866802688054,0.45581867185094943,0.45581867185094943,optimal,0.0009434253011831317,0.0009434291252520266,0.0009434291252520266,0.295425664279317,0.4749527957250572,0.4727567696876298
4,10,0.9,0.16039300757163244,0.37096578747485554,0.37200141835533035,0.042975862950372604,8.22224425892467,0.49419673652290697,10,10,1e-12,0.005565963004593722,8.22224425892467,0.0005565963004593566,0.822224425892467,0.1,0.1,CLARABEL,1.9.2,optimal,optimal,0.3728039555096656,0.37280395542919653,-8.046907584713381e-11,8.046907584713381e-11,-2.1584823515568106e-10,2.1584823515568106e-10,2.1929759158805525e-15,5.268692035773121e-16,1.294649130192627e-15,1.4531081936680258e-11,9.957187160342952e-11,1.9315001587741494e-10,0.3728039555041037,0.3728039564305996,9.264958800159206e-10,2.4852093578563275e-09,0.9999999999937441,5.684341886293388e-13,1.001403057920376e-10,5.68430046508113e-13,5.822087732385041e-16,2.9446739057946513e-16,0.0,5.684239728545672e-13,0.0,2.9446739057946513e-16,12,12,0.5418721999740228,0.17090909997932613,0.3728039555041037,0.3728039564305996,0.3728039564305996,optimal,0.0008025371487733746,0.0008025380752692546,0.0008025380752692546,0.21241094885896716,0.4007863982501146,0.39773742010612206
5,15,0.9,0.16039300757163244,0.32182389648390414,0.32283324929704543,0.04254835089710636,11.796408653357716,0.4679600381391005,15,15,1e-12,0.004325449821945852,11.796408653357716,0.00028836332146304274,0.7864272435571811,0.06666666666666667,0.06666666666666667,CLARABEL,1.9.2,optimal,optimal,0.3235023807629893,0.3235023817741749,1.0111855797134695e-09,1.0111855797134695e-09,3.1257438530999578e-09,3.1257438530999578e-09,5.596524788388663e-13,1.1484801795484013e-13,3.5952237282168047e-13,6.875336040015977e-11,2.3656312876512307e-11,1.0111853616404134e-09,0.3235023807446435,0.3235023821418094,1.397165882988105e-09,4.3188735636349655e-09,0.9999999999863545,8.526512830346818e-13,2.4508964159424427e-11,8.526522856256316e-13,7.15918980919639e-16,3.6671600894884196e-16,0.0,8.526378287196285e-13,0.0,3.6671600894884196e-16,12,14,2.385067699942738,1.2910275999456644,0.3235023807446435,0.3235023821418094,0.3235023821418094,optimal,0.0006691314475980592,0.0006691328447639422,0.0006691328447639422,0.16310937457017693,0.3550869169784818,0.3516227492005708
6,21,0.9,0.16039300757163244,0.2897224432089092,0.2907206620774081,0.04441087644112364,15.829338663471315,0.46641600664074334,21,21,1e-12,0.00377931464630399,15.829338663471315,0.00017996736410972258,0.753778031593872,0.047619047619047616,0.047619047619047616,CLARABEL,1.9.2,optimal,optimal,0.29129702557544945,0.2912970265622809,9.868314498895359e-10,9.868314498895359e-10,3.38771549853118e-09,3.38771549853118e-09,4.744981189577967e-13,8.499627141402337e-14,3.825554034616042e-13,5.673743716750441e-11,2.512769088149048e-11,9.868465471920087e-10,0.29129702553006986,0.2912970271150304,1.5849605516926601e-09,5.441046109195944e-09,0.9999999999737337,1.1937117966370762e-12,2.6321402677567448e-11,1.1937102877950795e-12,7.809234220274144e-16,3.581651854670959e-16,0.0,1.193696240999846e-12,0.0,3.581651854670959e-16,13,16,11.035277599934489,10.58836700010579,0.29129702553006986,0.2912970271150304,0.2912970271150304,optimal,0.0005763634526617656,0.0005763650376223173,0.0005763650376223173,0.13090401954339798,0.32406536223271537,0.32042740338448433
7,28,0.9,0.16039300757163244,0.2673062371499027,0.26830344869449807,0.049606271526399834,20.25796423434646,0.49057835203356026,28,28,1e-12,0.003484628865164206,20.25796423434646,0.00012445103089873589,0.72349872265523,0.03571428571428571,0.03571428571428571,CLARABEL,1.9.2,optimal,optimal,0.2688154968272736,0.26881549746438327,6.371096428203771e-10,6.371096428203771e-10,2.3700629226549186e-09,2.3700629226549186e-09,1.4131281560735137e-13,2.246090069331133e-14,1.08669807931138e-13,3.440650724788022e-11,1.91746031556688e-11,6.371185813419474e-10,0.26881549678421685,0.2688154980458374,1.2616205302684591e-09,4.693258172986321e-09,0.9999999999538312,1.591615728823411e-12,2.0766218883771425e-11,1.5916176727511715e-12,1.3770564600178935e-15,5.430235252521759e-16,0.0,1.591607766725982e-12,0.0,5.430235252521759e-16,14,15,69.30253119999543,49.475471700076014,0.26881549678421685,0.2688154980458374,0.2688154980458374,optimal,0.0005120480897187751,0.0005120493513393054,0.0005120493513393054,0.10842249047420494,0.3016107017151069,0.2979307998649721
3,6,0.95,0.07026455698781191,0.35728280942126356,0.3580101568016239,0.03747137303497522,5.577775668323221,0.44578013138871714,6,6,1e-12,0.0024845897515077347,5.577775668323221,0.00041409829191795065,0.92962927805387,0.16666666666666666,0.16666666666666666,CLARABEL,1.9.2,optimal,optimal,0.3591672381459496,0.3591672409427429,2.796793296955258e-09,2.796793296955258e-09,7.78688307013574e-09,7.78688307013574e-09,3.212171613371208e-16,9.312019611281717e-17,2.392897013493926e-16,0.0,1.2922498301936236e-11,2.7967932993595344e-09,0.35916723814548984,0.3591672410223242,2.8768343818263986e-09,8.009734922258479e-09,0.9999999999976117,3.4106051316484824e-13,1.3263558815101084e-11,3.4104124316453943e-13,4.585484491641088e-16,2.8372911942189905e-16,0.0,2.84763420287985e-10,0.0,2.8372911942189905e-16,10,12,0.04084210004657507,0.030030000023543835,0.35916723814548984,0.3591672410223242,0.3591672410223242,optimal,0.00115708134386594,0.0011570842207003218,0.0011570842207003218,0.2889026840345123,0.37562272107672584,0.3739454068024132
4,10,0.95,0.07026455698781191,0.2722602828825507,0.2729324499330079,0.040545485014583424,9.076195937309215,0.39441055290706345,10,10,1e-12,0.0013443829242107575,9.076195937309215,0.00013443829242107522,0.9076195937309218,0.1,0.1,CLARABEL,1.9.2,optimal,optimal,0.2738436463035622,0.27384364829441893,1.9908567017168366e-09,1.9908567017168366e-09,7.270048881371933e-09,7.270048881371933e-09,1.2492860477913921e-13,3.0014481247770814e-14,7.960498416450973e-14,1.310639767167614e-10,1.4075567946029125e-10,1.990851757121093e-09,0.27384364628537416,0.27384364970766006,3.4222858991128646e-09,1.2497225786140531e-08,0.9999999999937446,5.684341887365309e-13,1.4132411364889933e-10,5.684281888994994e-13,5.002523392646732e-16,2.86313338814667e-16,0.0,5.684260984202294e-13,0.0,2.86313338814667e-16,12,11,0.49875360005535185,0.17745009995996952,0.27384364628537416,0.27384364970766006,0.27384364970766006,optimal,0.0009111963523662503,0.0009111997746521494,0.0009111997746521494,0.20357909271984814,0.29728999091347247,0.29492799098504163
5,15,0.95,0.07026455698781191,0.22343591945285693,0.22406703171108486,0.041081349534618485,13.314812775443261,0.37333957852444305,15,15,1e-12,0.0010347719576614591,13.314812775443261,6.898479717745823e-05,0.8876541850295497,0.06666666666666667,0.06666666666666667,CLARABEL,1.9.2,optimal,optimal,0.22479325055036667,0.22479325128305475,7.32688076876542e-10,7.32688076876542e-10,3.2593864535017293e-09,3.2593864535017293e-09,1.1660687461939744e-15,2.392925777391608e-16,5.582822769968933e-16,0.0,1.4641563594862935e-11,7.326880223592585e-10,0.2247932505482091,0.22479325151546797,9.672588840992091e-10,4.3028822247079455e-09,0.9999999999863538,8.526512829121208e-13,1.5494214877775056e-11,8.526521547256279e-13,7.204535102139475e-16,4.533789909243571e-16,0.0,4.948112184042219e-12,0.0,4.533789909243571e-16,15,15,2.5983674000017345,1.2769965000916272,0.2247932505482091,0.22479325151546797,0.22479325151546797,optimal,0.0007262188371242317,0.0007262198043831158,0.0007262198043831158,0.15452869452765605,0.25075295562698785,0.2480418085867499
6,21,0.95,0.07026455698781191,0.19221081490775377,0.1928269813162546,0.043302602683983,18.247214406155756,0.3771854962174197,21,21,1e-12,0.0009009052511557259,18.247214406155756,4.290025005501545e-05,0.8689149717217021,0.047619047619047616,0.047619047619047616,CLARABEL,1.9.2,optimal,optimal,0.19344186426447385,0.19344186441963113,1.5515727591619566e-10,1.5515727591619566e-10,8.020873684397483e-10,8.020873684397483e-10,7.891263068900967e-13,1.413552363657362e-13,3.951357957259518e-13,9.556698467135018e-12,5.149184198104354e-11,1.5516304735053e-10,0.19344186425196033,0.19344186552602777,1.274067434886561e-09,6.586306617844489e-09,0.9999999999737348,1.193711796244002e-12,5.268555377712051e-11,1.1937074332219904e-12,1.0909470907223588e-15,4.957467781131469e-16,0.0,1.1937021036486925e-12,0.0,4.957467781131469e-16,14,15,13.089469300000928,10.26275849994272,0.19344186425196033,0.19344186552602777,0.19344186552602777,optimal,0.0006148829357057461,0.000614884209773181,0.000614884209773181,0.12317730853821586,0.2199962329011231,0.21712561647978873
7,28,0.95,0.07026455698781191,0.17072361310773684,0.1713399960679677,0.04871422425303655,23.829413769692074,0.40852395255526497,28,28,1e-12,0.0008292812390079331,23.829413769692074,2.9617187107431072e-05,0.8510504917747169,0.03571428571428571,0.03571428571428571,CLARABEL,1.9.2,optimal,optimal,0.17188660735283676,0.17188660697538644,-3.7745032099856246e-10,3.7745032099856246e-10,-2.19592629830773e-09,2.19592629830773e-09,1.9341552439662573e-13,3.074234185587444e-14,1.388183090266617e-13,1.373992555594184e-11,4.688579282595773e-11,3.943189912355051e-10,0.17188660733377917,0.17188660833275388,9.989747085104028e-10,5.811823975719088e-09,0.9999999999538347,1.591615728488492e-12,4.8477408554060354e-11,1.591613684196699e-12,1.0508931560249238e-15,4.1611968937241397e-16,0.0,1.5916072431357153e-12,0.0,4.1611968937241397e-16,16,17,105.11988619994372,100.7056723999558,0.17188660733377917,0.17188660833275388,0.17188660833275388,optimal,0.0005466112658114586,0.0005466122647861671,0.0005466122647861671,0.10162205134494197,0.19818241535149334,0.19525850075966011
3,6,0.99,0.008257056883771326,0.24313691653274183,0.24334923671109934,0.024310788029496877,5.913780724215765,0.30225653808840314,6,6,1e-12,9.987531858762175e-05,5.913780724215765,1.6645886431282052e-05,0.9856301207026275,0.16666666666666666,0.16666666666666666,CLARABEL,1.9.2,optimal,optimal,0.24437864033842174,0.24437864305721313,2.7187913864690216e-09,2.7187913864690216e-09,1.1125323258940527e-08,1.1125323258940527e-08,2.8879446126340846e-16,8.372092187478088e-17,2.262763577306532e-16,0.0,1.1701694081479936e-10,2.7187913680888964e-09,0.244378640338236,0.24437864376136115,3.4231251444527544e-09,1.4007464464735026e-08,0.9999999999976095,3.410605131648484e-13,1.173580013279642e-10,3.4106552765295813e-13,2.3372947195353944e-16,2.2882880330001444e-16,0.0,1.312264289807781e-09,0.0,2.2882880330001444e-16,10,11,0.04010390001349151,0.030125200049951673,0.244378640338236,0.24437864376136115,0.24437864376136115,optimal,0.0010294036271366602,0.0010294070502618047,0.0010294070502618047,0.23612158687758983,0.2525392181415853,0.25200485371939324
4,10,0.99,0.008257056883771326,0.16456456664591407,0.16473979835627323,0.027114710533726993,9.809468417731264,0.2494880323064746,10,10,1e-12,5.230129856978689e-05,9.809468417731264,5.230129856911101e-06,0.9809468417731262,0.1,0.1,CLARABEL,1.9.2,optimal,optimal,0.16545899039930254,0.16545899023913888,-1.601636601122891e-10,1.601636601122891e-10,-9.679961167615292e-10,9.679961167615292e-10,2.088814092155647e-13,5.018440053014499e-14,1.5509817488603035e-13,7.445756296139825e-11,1.1042389215568562e-10,2.651640040908577e-10,0.16545899039574566,0.16545899134906214,9.533164813113615e-10,5.761648105581191e-09,0.9999999999937441,5.684341886892408e-13,1.109923263442937e-10,5.68435762862523e-13,5.872552218191407e-16,3.300880131923221e-16,0.0,5.684297168556597e-13,0.0,3.300880131923221e-16,13,13,0.508297499967739,0.1652353999670595,0.16545899039574566,0.16545899134906214,0.16545899134906214,optimal,0.0007191920394724327,0.000719192992788914,0.000719192992788914,0.15720193446529082,0.17661656177495563,0.17585406077402668
5,15,0.99,0.008257056883771326,0.12219173914562872,0.1223422654246414,0.027929403496931002,14.648937368530317,0.22908854328478967,15,15,1e-12,3.9966983854611926e-05,14.648937368530317,2.664465590322095e-06,0.9765958245686877,0.06666666666666667,0.06666666666666667,CLARABEL,1.9.2,optimal,optimal,0.12286156124374362,0.12286156145938629,2.1564267038698404e-10,2.1564267038698404e-10,1.7551679143155971e-09,1.7551679143155971e-09,8.025880527659835e-16,1.64701579247265e-16,3.7036429776321757e-16,0.0,1.2532977889906686e-10,2.2089565129456464e-10,0.1228615612429769,0.12286156335212274,2.109145844086946e-09,1.7166848643670615e-08,0.9999999999863551,8.526512829121208e-13,1.2618243018197898e-10,8.52650407007543e-13,5.696421738942389e-16,2.8793348045655965e-16,0.0,1.4846390102236525e-10,0.0,2.8793348045655965e-16,15,13,2.4718728000298142,1.2182315000100061,0.1228615612429769,0.12286156335212274,0.12286156335212274,optimal,0.0005192958183354995,0.0005192979274813436,0.0005192979274813436,0.11460450646835141,0.13475817891198394,0.13387414348376378
6,21,0.99,0.008257056883771326,0.096358009230208,0.09649614418869168,0.02906930176305534,20.42077372524696,0.22772029500724134,21,21,1e-12,3.4706268833651035e-05,20.42077372524696,1.6526794682442548e-06,0.9724177964403311,0.047619047619047616,0.047619047619047616,CLARABEL,1.9.2,optimal,optimal,0.09690568009930062,0.09690568083779509,7.384944739063926e-10,7.384944739063926e-10,7.620755257439027e-09,7.620755257439027e-09,1.207325985270305e-15,2.1626683653590036e-16,5.08694211321286e-16,0.0,3.8434768143325484e-11,7.384944664116928e-10,0.09690568009800617,0.09690568166999318,1.5719870127828273e-09,1.6221825164868966e-08,0.9999999999737348,1.193711796076969e-12,3.962847993940245e-11,1.1937122744917646e-12,1.065447764223873e-15,4.75164538844058e-16,0.0,6.009384368567535e-11,0.0,4.75164538844058e-16,16,16,14.93669540004339,10.62459680007305,0.09690568009800617,0.09690568166999318,0.09690568166999318,optimal,0.00040953590931448736,0.00040953748130150014,0.00040953748130150014,0.08864862478622185,0.10869919535701378,0.10775510370016415
7,28,0.99,0.008257056883771326,0.07924909616557738,0.07938181789735507,0.03237532283186513,27.113681887985138,0.24782999143574652,28,28,1e-12,3.1909186499185455e-05,27.113681887985138,1.1396138035620428e-06,0.9683457817137541,0.03571428571428571,0.03571428571428571,CLARABEL,1.9.2,optimal,optimal,0.07972954507225849,0.07972955077835232,5.706093833546255e-09,5.706093833546255e-09,7.156811975018355e-08,7.156811975018355e-08,1.3692988328832052e-15,2.176425752517297e-16,5.359003535468743e-16,0.0,3.9094270885511626e-11,5.706093848908505e-09,0.07972954507022667,0.07972955191755715,6.847330480397318e-09,8.588196734767527e-08,0.9999999999538383,1.5916157281026305e-12,4.068588661361425e-11,1.5916154930580342e-12,1.3165345148925192e-15,5.400300497522546e-16,0.0,1.1486935393028097e-10,0.0,5.400300497522546e-16,14,15,92.5909268000396,90.49460919992998,0.07972954507022667,0.07972955191755715,0.07972955191755715,optimal,0.00034772717287159804,0.00034773402020207844,0.00034773402020207844,0.07147249503378583,0.09110809456914422,0.09013916969761077
