c,pi0,N,i,rank,hypothesis_count,rank_threshold,weighted_gram_lambda_min,weighted_gram_lambda_max,solver,cvxpy_version,primal_status,dual_status,primal_objective,dual_objective,signed_gap,absolute_gap,relative_signed_gap,relative_gap,primal_equality_residual_fro_raw,primal_equality_residual_fro,primal_equality_residual_op,primal_psd_violation,dual_psd_violation,complementarity_residual,primal_feasible_objective,dual_feasible_objective,feasible_bound_gap,relative_feasible_bound_gap,primal_safety_contraction,primal_regularization_floor,dual_safety_shift,dual_feasible_min_slack,primal_feasible_equality_residual_fro,primal_feasible_equality_residual_op,primal_feasible_psd_violation,primal_feasible_min_eigenvalue,dual_feasible_psd_violation,primal_feasible_combined_violation,primal_iterations,dual_iterations,primal_solve_time_seconds,dual_solve_time_seconds,gram_lambda_min,gram_lambda_max,prior_min,prior_max
0.5,0.2,3,1,4,4,1e-12,0.076393202250021,0.5236067977499788,CLARABEL,1.9.2,optimal,optimal,0.9053918818423361,0.90539188321984,1.3775038887331448e-09,1.3775038887331448e-09,1.5214449293296443e-09,1.5214449293296443e-09,2.5438405243138006e-16,8.479468414379335e-17,2.4997330171197716e-16,4.0031327507945426e-10,3.2175856380309287e-10,1.3775037697394152e-09,0.9053918811188781,0.9053918845077836,3.388905489565275e-09,3.7430261457998755e-09,0.9999999990073054,2.273736756686861e-13,3.219859374785361e-10,2.273795301349635e-13,1.2566871346510768e-16,9.267407546624828e-17,0.0,2.273487496338804e-13,0.0,9.267407546624828e-17,9,8,0.017740300158038735,0.008883599890395999,0.34861218113400255,2.151387818865997,0.2,0.26666666666666666
0.5,0.2,3,2,4,4,1e-12,0.14999999999999994,0.4154700538379249,CLARABEL,1.9.2,optimal,optimal,0.9657698088049511,0.9657698105388025,1.733851395790964e-09,1.733851395790964e-09,1.7953050286175805e-09,1.7953050286175805e-09,1.4567449680423278e-12,4.855816560141092e-13,1.2002572281990584e-12,2.4803894990180227e-10,4.706997032921067e-10,1.733796735468023e-09,0.9657698083498107,0.9657698124225108,4.072700066082291e-09,4.2170505044611325e-09,0.9999999995186619,2.2742499027325675e-13,4.709270769675499e-10,2.274273300526753e-13,1.5700924586837752e-16,1.5165928555043602e-16,0.0,2.273733752116621e-13,0.0,1.5165928555043602e-16,9,9,0.010630999924615026,0.008056499995291233,0.6475368563718839,1.6649631436281154,0.2,0.26666666666666666
0.5,0.2,5,1,6,6,1e-12,0.05119386982178897,0.46880613017821093,CLARABEL,1.9.2,optimal,optimal,0.8791257966539693,0.8791257964518311,-2.021381950711998e-10,2.021381950711998e-10,-2.2993091075679338e-10,2.2993091075679338e-10,5.068792536148057e-16,1.469432557888508e-16,3.8129349475265265e-16,1.871707906257203e-11,6.122168744182588e-11,2.021384443736426e-10,0.8791257965760904,0.8791257968212076,2.451172598227913e-10,2.788193234043089e-10,0.9999999999094477,3.410843163263766e-13,6.156274795499073e-11,3.410605131648481e-13,3.712085311824064e-16,3.038099086882075e-16,0.0,3.4106299238601555e-13,0.0,3.038099086882075e-16,13,9,0.023310000076889992,0.012701299972832203,0.2752551286084109,2.724744871391589,0.16,0.2
0.5,0.2,5,2,6,6,1e-12,0.09759594482625607,0.3275680953722995,CLARABEL,1.9.2,optimal,optimal,0.9577516676500517,0.9577516683449392,6.948874808898609e-10,6.948874808898609e-10,7.255403504989542e-10,7.255403504989542e-10,3.237409532232398e-16,9.385183820318695e-17,2.560543307818431e-16,5.268603422389986e-10,3.7840627658235204e-10,6.948874774103554e-10,0.9577516662250448,0.9577516706174232,4.392378349926673e-09,4.5861348977518435e-09,0.9999999981160086,3.4123888972402844e-13,3.787473370955169e-10,3.411199274439003e-13,3.1682576587424404e-16,2.4147728818403995e-16,0.0,3.4114779639868867e-13,0.0,2.4147728818403995e-16,9,10,0.01623110007494688,0.012579200090840459,0.6031218345148048,1.9040859803476216,0.16,0.2
0.5,0.5,3,1,4,4,1e-12,0.09549150281252633,0.6545084971874737,CLARABEL,1.9.2,optimal,optimal,0.9013441480451858,0.9013441489003011,8.551153118929733e-10,8.551153118929733e-10,9.487112257198305e-10,9.487112257198305e-10,7.598296276813956e-13,2.532765425604652e-13,7.29402596162515e-13,0.0,5.617220216530203e-10,8.550890297555216e-10,0.9013441480444474,0.9013441511480986,3.10365122491163e-09,3.4433587063296597e-09,0.9999999999989064,2.2737367544327386e-13,5.619493953284635e-10,2.2738203735248735e-13,2.5305566709891245e-16,2.40169814572982e-16,0.0,2.7296823180852792e-11,0.0,2.40169814572982e-16,9,9,0.01110190013423562,0.007998399902135134,0.34861218113400255,2.151387818865997,0.16666666666666666,0.5
0.5,0.5,3,2,4,4,1e-12,0.11177043003931122,0.5489393063183035,CLARABEL,1.9.2,optimal,optimal,0.9695827079615158,0.9695827080934638,1.3194800807525553e-10,1.3194800807525553e-10,1.3608741882751742e-10,1.3608741882751742e-10,2.96997628699179e-16,9.8999209566393e-17,2.378011082418649e-16,1.6060015092383097e-10,6.888950118739705e-10,9.719049897126954e-10,0.9695827078854462,0.9695827108499533,2.9645070842576615e-09,3.0575081997810428e-09,0.9999999998384901,2.2737367547974827e-13,6.891223855494137e-10,2.2735840476953713e-13,1.642041997679149e-16,1.3162708254101918e-16,0.0,2.2763984147553053e-13,0.0,1.3162708254101918e-16,8,9,0.012158200144767761,0.010440699988976121,0.6475368563718839,1.6649631436281154,0.16666666666666666,0.5
0.5,0.5,5,1,6,6,1e-12,0.058452405257735006,0.6415475947422652,CLARABEL,1.9.2,optimal,optimal,0.8919264027415403,0.8919264030431239,3.0158353592213416e-10,3.0158353592213416e-10,3.38126032533807e-10,3.38126032533807e-10,3.226399130518884e-16,9.353264891623373e-17,2.5354194640959752e-16,7.128364281309995e-11,2.5158831028040645e-10,1.6191170594375828e-09,0.8919264024353302,0.8919264045547001,2.119369901798507e-09,2.3761712776903475e-09,0.9999999996475057,3.4106615738320874e-13,2.519293707935713e-10,3.4105597687989907e-13,2.634953026054921e-16,2.239714435806399e-16,0.0,3.410562502304179e-13,0.0,2.239714435806399e-16,8,9,0.016482400009408593,0.011864000000059605,0.2752551286084109,2.724744871391589,0.1,0.5
0.5,0.5,5,2,6,6,1e-12,0.06125156261081244,0.5405465423108543,CLARABEL,1.9.2,optimal,optimal,0.965824766936101,0.9658247660043442,-9.317567828404094e-10,9.317567828404094e-10,-9.647265375536799e-10,9.647265375536799e-10,3.6444059020614696e-16,1.0565057947153152e-16,2.558434884316819e-16,9.390982942295301e-11,4.5161701270396663e-10,1.5087751091713451e-09,0.9658247667172034,0.9658247687160928,1.9988893873446045e-09,2.0696191008543645e-09,0.9999999997658826,3.410631758531469e-13,4.519580732171315e-10,3.410554887926903e-13,2.716379778203629e-16,2.222668121609424e-16,0.0,3.4106091132311064e-13,0.0,2.222668121609424e-16,8,8,0.015873300144448876,0.012002300005406141,0.6031218345148048,1.9040859803476216,0.1,0.5
0.8,0.2,3,1,4,4,1e-12,0.02450559951430104,0.783494400485699,CLARABEL,1.9.2,optimal,optimal,0.7055383674194531,0.7055383677179692,2.985161007273973e-10,2.985161007273973e-10,4.231039932754973e-10,4.231039932754973e-10,3.266443309152217e-16,1.0888144363840724e-16,2.377414041788015e-16,1.4496207553645416e-11,4.0403853873716145e-11,2.985162123219764e-10,0.7055383674025796,0.7055383678804941,4.779144857636197e-10,6.773756151081977e-10,0.9999999999699254,2.273790381865754e-13,4.0631227549159377e-11,2.2737367544323206e-13,2.5286532809710436e-16,2.2589580820921524e-16,0.0,2.2737806279069287e-13,0.0,2.2589580820921524e-16,8,10,0.01008359994739294,0.011559500126168132,0.11369727773288657,3.1663027222671127,0.2,0.26666666666666666
0.8,0.2,3,2,4,4,1e-12,0.05794819040042411,0.6995692405134355,CLARABEL,1.9.2,optimal,optimal,0.7852946843224895,0.7852946859891452,1.6666557023370387e-09,1.6666557023370387e-09,2.122331570353545e-09,2.122331570353545e-09,8.777154107255594e-14,2.9257180357518644e-14,7.211410947511538e-14,6.016798146588051e-10,4.5252251945626654e-10,1.6666478773533925e-09,0.7852946836033972,0.7852946878001448,4.196747616092011e-09,5.344169128486625e-09,0.9999999988129828,2.273736757129217e-13,4.5274989313170977e-10,2.2734331778240247e-13,1.316562550716263e-16,1.255390534241238e-16,0.0,2.2733007437819893e-13,0.0,1.255390534241238e-16,11,11,0.010539900045841932,0.007477200124412775,0.23962645529874033,2.809973544701259,0.2,0.26666666666666666
0.8,0.2,5,1,6,6,1e-12,0.015271868459247051,0.7543281315407532,CLARABEL,1.9.2,optimal,optimal,0.6355944460402339,0.6355944459790603,-6.117351070145105e-11,6.117351070145105e-11,-9.624613790366972e-11,9.624613790366972e-11,2.0038872059193817e-16,5.809227901349173e-17,1.4824419266290794e-16,9.76885279227673e-11,1.3411478871905302e-10,2.629483245024551e-10,0.6355944458645886,0.6355944467857955,9.212068885489089e-10,1.4493627089963395e-09,0.9999999996028626,3.4106235945670525e-13,1.3445584923221787e-10,3.410605131648481e-13,3.362321931872835e-16,2.7030111307602167e-16,0.0,3.4107640814827787e-13,0.0,2.7030111307602167e-16,11,11,0.02060770010575652,0.01395369996316731,0.0803636664211972,4.479636333578805,0.16,0.2
0.8,0.2,5,2,6,6,1e-12,0.03007965405225019,0.6330562051389106,CLARABEL,1.9.2,optimal,optimal,0.74045893285933,0.7404589332416442,3.823142913361721e-10,3.823142913361721e-10,5.163207225566749e-10,5.163207225566749e-10,4.126162952233366e-16,1.196166175262844e-16,2.780356918534773e-16,6.081101258118727e-11,5.450738696729067e-11,3.823144008854446e-10,0.7404589327917941,0.740458933570735,7.78940911771997e-10,1.0519704427433953e-09,0.9999999998982347,3.410628675272146e-13,5.484844748045552e-11,3.4104785777492576e-13,1.8619006149354548e-16,1.144280019181282e-16,0.0,3.410472950738253e-13,0.0,1.144280019181282e-16,9,10,0.023355300072580576,0.01478650001809001,0.18552621871209282,3.7545085257070534,0.16,0.2
0.8,0.5,3,1,4,4,1e-12,0.03552503167686662,0.8444749683231338,CLARABEL,1.9.2,optimal,optimal,0.7210173048832006,0.7210173053125168,4.293162492174929e-10,4.293162492174929e-10,5.954312693774039e-10,5.954312693774039e-10,4.0601424381097144e-16,1.3533808127032381e-16,3.255312957206704e-16,0.0,9.424549465833682e-11,4.2931611357721014e-10,0.7210173048827722,0.7210173056904083,8.076361801556686e-10,1.1201342523043176e-09,0.9999999999990901,2.2737367544323206e-13,9.447286833378006e-11,2.273793099063972e-13,1.463195806132878e-16,1.362520916937628e-16,0.0,2.519502501982187e-10,0.0,1.362520916937628e-16,8,8,0.010038699954748154,0.0072553998325020075,0.11369727773288657,3.1663027222671127,0.16666666666666666,0.5
0.8,0.5,3,2,4,4,1e-12,0.043420656173242325,0.7555566024990223,CLARABEL,1.9.2,optimal,optimal,0.812504689429769,0.8125046909443819,1.5146129905829753e-09,1.5146129905829753e-09,1.8641283045815314e-09,1.8641283045815314e-09,2.5814177514652363e-16,8.604725838217455e-17,2.2909819333806383e-16,2.7114540335261986e-10,5.847351055816376e-10,1.9412531478838746e-09,0.8125046893453824,0.8125046932842319,3.938849468809735e-09,4.847786740081255e-09,0.9999999997279447,2.2737367550488337e-13,5.849624792570809e-10,2.2739126242057594e-13,1.2412670766236366e-16,1.1793734150748884e-16,0.0,2.2723574306370698e-13,0.0,1.1793734150748884e-16,9,10,0.01009549992159009,0.008253199979662895,0.23962645529874033,2.809973544701259,0.16666666666666666,0.5
0.8,0.5,5,1,6,6,1e-12,0.021571654531822623,0.8344283454681773,CLARABEL,1.9.2,optimal,optimal,0.7041384583674971,0.7041384586142864,2.467892556978768e-10,2.467892556978768e-10,3.5048398893989557e-10,3.5048398893989557e-10,4.3325044397535356e-16,1.255984149197066e-16,2.895866362040373e-16,1.2350226941524622e-11,9.472357000822739e-11,2.467893694964621e-10,0.7041384583274111,0.7041384591846742,8.572631493564131e-10,1.2174638932105574e-09,0.9999999999376161,3.410688803467599e-13,9.506463052139223e-11,3.4108752669989725e-13,3.5723512276924735e-16,2.515426865651903e-16,0.0,3.410627347032026e-13,0.0,2.515426865651903e-16,8,8,0.016010599909350276,0.011468099895864725,0.0803636664211972,4.479636333578805,0.1,0.5
0.8,0.5,5,2,6,6,1e-12,0.019089921398837237,0.735573887399556,CLARABEL,1.9.2,optimal,optimal,0.7957491583146586,0.7957491577511928,-5.634658295505801e-10,5.634658295505801e-10,-7.080947857280241e-10,7.080947857280241e-10,1.6851082996442585e-16,4.88509439162631e-17,9.807453594802872e-17,2.2487860730955806e-10,5.716350533055755e-10,1.0761558434074698e-09,0.795749157946098,0.7957491611830496,3.2369515956531814e-09,4.067803976600377e-09,0.9999999994701122,3.4107187092133527e-13,5.719761138187404e-10,3.4108914210491626e-13,3.0749839178014535e-16,2.2206096230350996e-16,0.0,3.4106426741399073e-13,0.0,2.2206096230350996e-16,10,9,0.01662639994174242,0.012477000011131167,0.18552621871209282,3.7545085257070534,0.1,0.5
0.95,0.2,3,1,4,4,1e-12,0.005517342903710158,0.9424826570962898,CLARABEL,1.9.2,optimal,optimal,0.485005975794119,0.48500597631327474,5.191557184147655e-10,5.191557184147655e-10,1.0704109723326125e-09,1.0704109723326125e-09,4.4104299607080356e-16,1.4701433202360119e-16,3.406781548474101e-16,0.0,1.852325804788711e-10,5.191557010501136e-10,0.48500597579390503,0.4850059770551146,1.2612095812158941e-09,2.6004000827239266e-09,0.9999999999990896,2.2737367544323216e-13,1.8545995415431433e-10,2.2736900193894558e-13,8.092071311423672e-17,5.551115123125783e-17,0.0,1.5354418573230576e-11,0.0,5.551115123125783e-17,9,9,0.010505500016734004,0.008258399786427617,0.025799104811851215,3.7792008951881493,0.2,0.26666666666666666
0.95,0.2,3,2,4,4,1e-12,0.012871885471887584,0.9148089722094686,CLARABEL,1.9.2,optimal,optimal,0.5297816599773052,0.5297816621257431,2.148437872051545e-09,2.148437872051545e-09,4.055326996006753e-09,4.055326996006753e-09,2.782487803465936e-16,9.274959344886453e-17,2.5255951881822843e-16,5.743256188434771e-10,5.247434276608641e-11,2.148437927727762e-09,0.5297816597875736,0.5297816623365499,2.5489762522923343e-09,4.811371249020512e-09,0.9999999994245368,2.2737367557381876e-13,5.270171644152964e-11,2.2737522359281215e-13,2.5438405243138006e-16,2.2204460492503128e-16,0.0,4.550466300490105e-13,0.0,2.2204460492503128e-16,9,10,0.01030289987102151,0.007598399883136153,0.052966992708605984,3.6640392572913925,0.2,0.26666666666666666
0.95,0.2,5,1,6,6,1e-12,0.0033395398103077526,0.9342604601896923,CLARABEL,1.9.2,optimal,optimal,0.38713468432490994,0.38713468399294304,-3.3196689841474836e-10,3.3196689841474836e-10,-8.574971760434396e-10,8.574971760434396e-10,2.390201332990179e-16,6.929144630711888e-17,1.882502244236529e-16,0.0,1.2249032255878545e-10,3.8550574653131543e-10,0.3871346843244585,0.3871346847299313,4.0547276647373565e-10,1.0473687393030592e-09,0.9999999999979525,3.410605131648482e-13,1.228313830719503e-10,3.410666018494312e-13,1.537874187973521e-16,1.3970264138337873e-16,0.0,1.8093947084198488e-11,0.0,1.3970264138337873e-16,10,9,0.01806210004724562,0.01443189987912774,0.017433857286969674,5.592566142713029,0.16,0.2
0.95,0.2,5,2,6,6,1e-12,0.0051613321552909045,0.8921497315620593,CLARABEL,1.9.2,optimal,optimal,0.44703074243019036,0.44703074342112054,9.90930171251847e-10,9.90930171251847e-10,2.21669356511493e-09,2.21669356511493e-09,4.941739743737033e-16,1.43260021401016e-16,3.6222176648367147e-16,1.7871404554774763e-10,2.332503152582066e-10,9.909302511078104e-10,0.4470307423373704,0.4470307448226688,2.4852984115142362e-09,5.559569329865032e-09,0.9999999997358756,3.410733963106435e-13,2.3359137577137145e-10,3.4110482112822927e-13,4.107450098641758e-16,2.8573673377733505e-16,0.0,3.409846537799896e-13,0.0,2.8573673377733505e-16,11,11,0.04425010015256703,0.016796400072053075,0.031883746212690564,5.337981885948697,0.16,0.2
0.95,0.5,3,1,4,4,1e-12,0.008472120754605472,0.9590278792453948,CLARABEL,1.9.2,optimal,optimal,0.5684303329949012,0.5684303346677914,1.6728901597318213e-09,1.6728901597318213e-09,2.9429994498290955e-09,2.9429994498290955e-09,2.9504581591051765e-16,9.834860530350588e-17,2.637573627721793e-16,0.0,2.3758050386189046e-11,1.6728901595631559e-09,0.5684303329946114,0.5684303347637331,1.7691216269710708e-09,3.1122927851122068e-09,0.9999999999990885,2.2737367544323226e-13,2.3985424061632278e-11,2.2739171851307646e-13,1.642041997679149e-16,1.30413784790343e-16,0.0,1.326373390867006e-10,0.0,1.30413784790343e-16,7,8,0.010244400007650256,0.007312299916520715,0.025799104811851215,3.7792008951881493,0.16666666666666666,0.5
0.95,0.5,3,2,4,4,1e-12,0.009884964945214743,0.9306310791462642,CLARABEL,1.9.2,optimal,optimal,0.6124396961435195,0.6124396958834174,-2.601020510084595e-10,2.601020510084595e-10,-4.246982236806863e-10,4.246982236806863e-10,3.1492960221020736e-14,1.0497653407006913e-14,3.072556696650543e-14,2.130935841813718e-11,2.1358611149889503e-10,3.1818863671356495e-10,0.6124396961138167,0.6124396967386714,6.248547235188084e-10,1.0202714278075208e-09,0.9999999999396996,2.2737512509423533e-13,2.1381348517433826e-10,2.2737093680766346e-13,2.3551386880256624e-16,2.220446049250313e-16,0.0,2.273660962126349e-13,0.0,2.220446049250313e-16,9,10,0.010654699988663197,0.008528799982741475,0.052966992708605984,3.6640392572913925,0.16666666666666666,0.5
0.95,0.5,5,1,6,6,1e-12,0.0050999053428787125,0.9559000946571217,CLARABEL,1.9.2,optimal,optimal,0.5591845533950209,0.5591845545448615,1.149840556102788e-09,1.149840556102788e-09,2.0562809683126502e-09,2.0562809683126502e-09,3.670527024109472e-16,1.0640782544110286e-16,2.5298947353313537e-16,6.433243227576101e-11,3.1041050657581047e-11,1.1498406057097573e-09,0.5591845532427924,0.5591845547331542,1.4903618339445757e-09,2.665241418625862e-09,0.9999999996773359,3.410636621439947e-13,3.1382111170745895e-11,3.410597943685706e-13,3.327953579238468e-16,2.6635996969488685e-16,0.0,3.4106367534563534e-13,0.0,2.6635996969488685e-16,8,9,0.018006599973887205,0.012856400106102228,0.017433857286969674,5.592566142713029,0.1,0.5
0.95,0.5,5,2,6,6,1e-12,0.0032941408243832818,0.9222003891819006,CLARABEL,1.9.2,optimal,optimal,0.5974282111452099,0.5974282113062148,1.610048760980476e-10,1.610048760980476e-10,2.694966074128342e-10,2.694966074128342e-10,5.329187972141748e-16,1.5449206605965898e-16,3.540293447472545e-16,1.6277743431154734e-11,1.263664103423936e-10,1.6100479972268485e-10,0.5974282111044548,0.5974282120664597,9.620049201686243e-10,1.610243543095583e-09,0.9999999999211944,3.410656732474444e-13,1.2670747085555846e-10,3.411258851689386e-13,3.390840864445248e-16,2.5527763761293546e-16,0.0,3.4106250899190683e-13,0.0,2.5527763761293546e-16,11,12,0.01772259990684688,0.01621009991504252,0.031883746212690564,5.337981885948697,0.1,0.5
